<?xml version="1.0" encoding="UTF-8" ?>
<Module>
	<ModulePrefs title="Capacity Gadget"
		description="Use this gadget to display the service monitor status in a pie or bar chart format for a single element."
		thumbnail="elementStatusThm.png">
		<Require feature="dynamic-height" />
	</ModulePrefs>
	<gadget_version>
		0.2
	</gadget_version>
	<grid_info>
		<supported_versions>
			7.3
		</supported_versions>
		<supported_platforms>
			windows,linux
		</supported_platforms>
		<requires_agent_scripts>
			false
		</requires_agent_scripts>
		<upgrade_in_place>
			true
		</upgrade_in_place>
	</grid_info>
	<Content type="html">
<![CDATA[ 

<html lang="en">
	<head>
		<meta charset="utf-8">
		<meta http-equiv="X-UA-Compatible" content="IE=Edge" />
		<title>Capacity Gadget</title>
		<link href="__UPTIME_GADGET_BASE__/uptimeCapacity.css" type="text/css" rel="stylesheet" />

		#includeResources(jquery,highcharts)
		
		<script type="text/javascript" src="__UPTIME_GADGET_BASE__/apiQueries.js?v=0.2"></script>
		<script type="text/javascript" src="__UPTIME_GADGET_BASE__/uptimeCapacityGadget.js?v=0.2"></script>
		<script type="text/javascript" id="ownScript" src="__UPTIME_GADGET_BASE__/uptimeCapacity.js?v=0.2"></script>
		
	</head>



	<body>

		<div id="widgetSettings">

			<form id="widgetOptions">

				<div id="availableQueries">
					Query Type:
					<select id="QueryTypeSelector" class="query-type-setting">
						<option value="HostMem">Host Memory</option>
						<option value="HostCpu">Host Cpu</option>
					</select>
				</div>
				<div id="availableElements">
					Select Element:
					<select id="elementId" class="element-status-setting">
						<option value="-1">Loading...</option>
					</select>
				</div>
				<br/>
				Based on what value:
				<br/>
				<input type="radio" checked id="avg" class="element-status-setting" name="metricType" value="avg"> Average
				<br/>
				<input type="radio" id="max" class="element-status-setting" name="metricType" value="max"> Max
				<br/>
				<input type="radio" id="min" class="element-status-setting" name="metricType" value="min"> Min
				<br/>
				<br/>
				<button id="closeSettings">Close</button>
			</form>
		</div>

		<div id ="countDownTillDoomsDay"></div>
		<div id = "widgetChart"></div>
		<div id="statusBar"></div>


	</body>
</html>

]]>
	</Content>
</Module>